campaign_name,product_id,start_date,end_date
Konklux,35,7/21/2024,10/24/2024
Konklux,39,7/27/2024,7/26/2024
Overhold,25,4/23/2024,7/21/2024
Flexidy,47,11/28/2024,3/16/2024
Konklux,44,2/19/2024,5/16/2024
Matsoft,22,2/19/2024,2/6/2024
Tampflex,44,6/9/2024,7/1/2024
Redhold,35,12/25/2024,2/22/2024
Sonair,27,6/23/2024,3/18/2024
Flowdesk,17,9/2/2024,4/13/2024
Rank,27,6/5/2024,2/10/2024
It,49,3/21/2024,11/17/2024
Treeflex,41,5/9/2024,11/17/2024
Otcom,15,8/18/2024,8/22/2024
Viva,36,9/15/2024,10/10/2024
Matsoft,46,2/25/2024,3/11/2024
Fix San,20,9/3/2024,7/20/2024
Job,1,7/11/2024,2/11/2024
Mat Lam Tam,40,7/1/2024,12/27/2024
Solarbreeze,7,4/25/2024,1/18/2024
Gembucket,3,4/5/2024,10/19/2024
Konklab,20,10/16/2024,9/17/2024
Daltfresh,1,11/28/2024,9/30/2024
Stronghold,4,11/1/2024,12/29/2024
Bamity,21,1/18/2024,1/19/2024
Sub-Ex,5,3/6/2024,9/1/2024
Andalax,34,12/5/2024,9/12/2024
Wrapsafe,25,6/8/2024,1/26/2024
Greenlam,38,6/30/2024,8/13/2024
Bamity,49,10/28/2024,9/17/2024
Flowdesk,14,6/15/2024,12/6/2024
Stim,9,11/26/2024,7/9/2024
Alpha,18,4/18/2024,2/24/2024
Transcof,22,9/27/2024,5/25/2024
Biodex,24,5/25/2024,8/22/2024
Flowdesk,37,1/31/2024,12/1/2024
Span,50,2/7/2024,2/23/2024
Toughjoyfax,39,10/6/2024,4/1/2024
Keylex,16,6/14/2024,8/21/2024
Duobam,8,8/14/2024,1/1/2024
Fix San,41,11/13/2024,7/8/2024
Home Ing,33,9/30/2024,6/13/2024
Ventosanzap,4,1/8/2024,12/24/2024
Pannier,43,7/10/2024,12/18/2024
Tresom,37,11/29/2024,2/5/2024
Rank,14,7/25/2024,5/13/2024
Daltfresh,36,3/7/2024,8/2/2024
Voltsillam,32,9/12/2024,6/23/2024
It,6,7/12/2024,11/1/2024
Vagram,4,1/13/2024,2/3/2024
Bitwolf,34,7/6/2024,12/18/2024
Otcom,21,6/30/2024,6/15/2024
Zaam-Dox,34,1/21/2024,8/31/2024
Redhold,34,5/28/2024,6/22/2024
Daltfresh,20,12/29/2024,4/21/2024
Tresom,30,3/7/2024,4/23/2024
Daltfresh,12,5/7/2024,5/19/2024
Sub-Ex,47,6/2/2024,5/2/2024
Sub-Ex,40,6/14/2024,10/10/2024
Konklab,19,7/3/2024,12/16/2024
Stringtough,1,2/9/2024,6/24/2024
Namfix,7,3/20/2024,3/2/2024
Biodex,33,9/9/2024,3/21/2024
Biodex,30,6/3/2024,6/17/2024
Cookley,18,6/21/2024,4/2/2024
Holdlamis,47,11/24/2024,3/26/2024
Sonsing,44,6/29/2024,8/10/2024
Home Ing,7,7/15/2024,2/25/2024
Aerified,20,8/3/2024,6/20/2024
Matsoft,10,8/15/2024,3/18/2024
Otcom,42,6/12/2024,11/22/2024
Y-Solowarm,2,5/3/2024,1/14/2024
Transcof,38,11/21/2024,7/9/2024
Biodex,5,3/23/2024,12/30/2024
Bamity,46,4/20/2024,6/6/2024
Alpha,2,8/12/2024,6/1/2024
Bigtax,48,10/14/2024,1/27/2024
Konklab,31,6/8/2024,10/2/2024
Opela,47,1/3/2024,3/12/2024
Regrant,34,3/10/2024,7/20/2024
Bitchip,37,12/4/2024,7/30/2024
Hatity,27,12/13/2024,3/18/2024
Fix San,42,11/4/2024,11/15/2024
Bamity,38,3/2/2024,2/16/2024
Aerified,15,10/19/2024,4/6/2024
Flexidy,35,5/26/2024,2/8/2024
Mat Lam Tam,40,3/22/2024,6/21/2024
Treeflex,7,6/4/2024,3/20/2024
Sonair,4,7/26/2024,11/7/2024
Home Ing,21,8/10/2024,3/1/2024
Konklab,4,2/28/2024,11/20/2024
Matsoft,21,6/11/2024,5/11/2024
Andalax,44,9/19/2024,9/27/2024
Opela,2,6/11/2024,7/21/2024
Fintone,47,7/19/2024,9/20/2024
Toughjoyfax,12,4/23/2024,3/3/2024
Bitchip,1,5/29/2024,5/21/2024
Tresom,31,2/15/2024,2/17/2024
Regrant,17,5/1/2024,12/10/2024
Stim,1,7/31/2024,6/23/2024
Bigtax,16,3/31/2024,9/14/2024
Zaam-Dox,6,7/14/2024,4/22/2024
Redhold,34,7/21/2024,9/2/2024
Trippledex,40,9/13/2024,12/19/2024
Gembucket,50,1/18/2024,5/21/2024
Toughjoyfax,21,4/5/2024,5/8/2024
Cookley,31,12/19/2024,9/19/2024
Zamit,38,8/23/2024,8/17/2024
Rank,35,10/13/2024,6/7/2024
Temp,35,9/26/2024,5/31/2024
Zathin,21,10/18/2024,8/16/2024
Zoolab,23,11/9/2024,11/17/2024
Hatity,2,10/6/2024,7/13/2024
Bigtax,16,1/9/2024,4/19/2024
Zathin,13,8/13/2024,12/11/2024
Zaam-Dox,32,9/25/2024,4/10/2024
Prodder,28,11/14/2024,1/14/2024
Voyatouch,8,10/22/2024,5/8/2024
Bamity,4,4/16/2024,9/21/2024
Bytecard,36,7/29/2024,8/8/2024
Transcof,8,9/5/2024,5/26/2024
Flexidy,29,4/16/2024,11/18/2024
Zaam-Dox,39,6/3/2024,4/12/2024
Cardguard,5,6/5/2024,6/29/2024
Hatity,8,8/10/2024,4/26/2024
Duobam,47,2/26/2024,7/9/2024
Tresom,18,1/28/2024,2/9/2024
Lotstring,13,11/3/2024,12/3/2024
Cardify,22,10/24/2024,1/7/2024
Bitchip,33,5/11/2024,3/5/2024
Home Ing,14,9/12/2024,2/19/2024
Bamity,15,5/20/2024,9/12/2024
Span,40,5/12/2024,11/10/2024
Wrapsafe,44,10/7/2024,4/28/2024
Alphazap,29,7/30/2024,8/1/2024
Tresom,24,8/26/2024,4/30/2024
Asoka,46,3/12/2024,8/4/2024
Ronstring,11,12/15/2024,4/24/2024
Holdlamis,7,3/10/2024,6/15/2024
Greenlam,10,12/11/2024,6/20/2024
Bamity,29,3/16/2024,1/5/2024
Viva,36,2/19/2024,5/29/2024
Bitchip,44,5/23/2024,3/4/2024
Latlux,11,4/20/2024,6/15/2024
Home Ing,31,1/18/2024,7/11/2024
Fintone,49,4/27/2024,8/22/2024
Temp,20,11/15/2024,4/13/2024
Veribet,23,3/7/2024,2/21/2024
Bitwolf,42,4/21/2024,8/28/2024
Lotstring,42,9/13/2024,7/4/2024
Flowdesk,10,5/1/2024,3/22/2024
Ronstring,1,6/17/2024,5/27/2024
Bitwolf,32,2/20/2024,3/19/2024
Cardify,25,4/27/2024,12/9/2024
Zaam-Dox,18,8/12/2024,10/6/2024
Sonair,12,7/23/2024,6/8/2024
Voltsillam,25,9/13/2024,12/24/2024
Cardguard,37,3/27/2024,9/24/2024
Latlux,32,8/16/2024,11/7/2024
Cardify,3,6/27/2024,12/1/2024
Bytecard,34,6/13/2024,3/22/2024
Bamity,24,5/23/2024,7/15/2024
Stringtough,38,12/28/2024,5/6/2024
Lotlux,18,7/16/2024,6/14/2024
Tin,17,9/22/2024,6/7/2024
Daltfresh,30,11/4/2024,7/11/2024
Stronghold,21,7/20/2024,8/11/2024
Bytecard,18,7/21/2024,7/7/2024
Voltsillam,5,2/11/2024,9/4/2024
Konklab,47,2/5/2024,2/10/2024
Sonsing,48,4/19/2024,12/20/2024
Matsoft,48,3/12/2024,4/20/2024
Asoka,33,11/28/2024,10/15/2024
Toughjoyfax,18,4/1/2024,12/19/2024
Zathin,50,12/20/2024,4/10/2024
Lotstring,28,11/16/2024,6/14/2024
It,28,1/27/2024,3/5/2024
Viva,7,3/16/2024,3/8/2024
Cookley,33,2/25/2024,3/30/2024
Fixflex,10,8/3/2024,6/12/2024
Redhold,1,10/19/2024,3/5/2024
Fixflex,8,4/14/2024,9/14/2024
Trippledex,12,12/19/2024,4/7/2024
Regrant,28,9/26/2024,4/9/2024
Vagram,38,12/14/2024,11/30/2024
Temp,45,12/9/2024,10/12/2024
Viva,49,4/2/2024,7/12/2024
Ventosanzap,8,12/6/2024,2/10/2024
Prodder,18,1/17/2024,10/9/2024
Fintone,46,5/13/2024,5/17/2024
It,50,7/2/2024,6/27/2024
Sonsing,38,10/1/2024,9/3/2024
Namfix,38,6/9/2024,4/29/2024
Transcof,31,2/21/2024,5/7/2024
Matsoft,37,6/27/2024,4/11/2024
Latlux,1,5/5/2024,4/6/2024
Bitchip,41,3/18/2024,9/12/2024
Daltfresh,28,9/27/2024,9/9/2024
Tempsoft,39,4/30/2024,1/17/2024
Quo Lux,44,4/22/2024,12/31/2024
Kanlam,32,8/14/2024,7/31/2024
Y-Solowarm,4,6/24/2024,3/12/2024
It,3,1/3/2024,4/14/2024
Ventosanzap,4,1/31/2024,1/14/2024
Wrapsafe,20,4/17/2024,4/6/2024
Mat Lam Tam,16,3/24/2024,1/27/2024
It,5,9/21/2024,3/23/2024
Trippledex,43,5/22/2024,1/12/2024
Alphazap,47,9/17/2024,4/18/2024
Subin,42,2/6/2024,7/8/2024
Vagram,31,3/11/2024,7/17/2024
Flexidy,13,2/15/2024,1/31/2024
Cardguard,16,3/9/2024,12/20/2024
Zathin,27,9/28/2024,11/14/2024
Zamit,15,2/13/2024,1/10/2024
Tresom,2,8/27/2024,3/22/2024
Y-find,2,10/27/2024,12/27/2024
Fixflex,36,3/10/2024,3/27/2024
Duobam,36,8/1/2024,11/2/2024
Fixflex,7,4/6/2024,4/14/2024
Fix San,6,12/7/2024,11/1/2024
Bytecard,6,8/19/2024,4/10/2024
Cardguard,45,3/30/2024,12/27/2024
Domainer,5,2/10/2024,6/16/2024
Asoka,41,5/14/2024,8/27/2024
Bamity,17,7/23/2024,3/12/2024
Zathin,30,11/14/2024,1/6/2024
Voyatouch,29,12/19/2024,12/20/2024
Asoka,25,7/3/2024,8/3/2024
Keylex,26,6/21/2024,2/24/2024
Tampflex,13,2/22/2024,3/17/2024
Fintone,29,9/21/2024,7/25/2024
Redhold,24,5/17/2024,4/23/2024
Latlux,19,7/23/2024,3/21/2024
Bitwolf,7,9/27/2024,9/2/2024
Tres-Zap,49,1/25/2024,2/21/2024
Zamit,43,8/12/2024,11/7/2024
Zoolab,4,9/5/2024,10/8/2024
Overhold,11,11/22/2024,5/28/2024
Subin,32,10/7/2024,12/4/2024
Trippledex,40,3/22/2024,5/17/2024
Zathin,34,9/26/2024,12/6/2024
Sub-Ex,1,6/1/2024,9/27/2024
Transcof,26,7/16/2024,9/18/2024
Fix San,36,3/31/2024,7/24/2024
Viva,18,10/31/2024,8/25/2024
Konklux,46,5/28/2024,8/20/2024
Redhold,16,9/6/2024,6/18/2024
Y-find,9,2/26/2024,12/15/2024
Bytecard,46,4/8/2024,2/16/2024
Bitchip,45,11/23/2024,3/25/2024
Tampflex,25,2/12/2024,3/25/2024
Voltsillam,23,6/30/2024,10/24/2024
It,18,8/10/2024,10/8/2024
Y-Solowarm,28,6/1/2024,12/29/2024
Konklab,4,2/24/2024,12/5/2024
It,13,4/10/2024,8/4/2024
Solarbreeze,31,6/17/2024,5/3/2024
Regrant,10,11/12/2024,5/21/2024
Duobam,27,3/12/2024,3/28/2024
Biodex,12,3/26/2024,5/22/2024
Voltsillam,45,12/29/2024,11/17/2024
Zamit,28,7/16/2024,2/27/2024
Konklux,41,1/19/2024,6/22/2024
Job,41,4/14/2024,3/8/2024
Ventosanzap,8,7/30/2024,11/12/2024
Zontrax,29,9/23/2024,7/26/2024
Tin,10,11/2/2024,2/27/2024
Lotstring,44,10/12/2024,10/28/2024
Fixflex,12,12/3/2024,4/26/2024
Holdlamis,37,2/9/2024,1/2/2024
Aerified,28,6/9/2024,5/9/2024
It,26,4/28/2024,3/3/2024
Pannier,49,7/27/2024,8/18/2024
Asoka,30,8/1/2024,12/9/2024
Y-find,48,6/24/2024,6/3/2024
It,20,6/11/2024,8/6/2024
Job,47,3/30/2024,12/7/2024
Fintone,26,10/1/2024,11/1/2024
Y-find,34,2/25/2024,9/30/2024
Pannier,18,3/8/2024,10/31/2024
Alpha,32,2/4/2024,7/15/2024
Zontrax,21,4/7/2024,8/26/2024
Latlux,31,8/22/2024,1/4/2024
Cardguard,14,12/18/2024,1/12/2024
Kanlam,30,12/27/2024,10/8/2024
Tresom,20,12/4/2024,11/25/2024
Zontrax,25,2/9/2024,8/27/2024
Sonair,2,8/8/2024,4/16/2024
Kanlam,16,2/21/2024,12/25/2024
Voltsillam,21,5/11/2024,10/31/2024
Prodder,15,2/23/2024,7/28/2024
Temp,1,10/12/2024,9/21/2024
Span,2,3/28/2024,12/9/2024
Zontrax,31,11/29/2024,7/14/2024
Y-find,50,9/20/2024,9/30/2024
Cookley,6,9/9/2024,1/23/2024
Flowdesk,26,4/7/2024,4/8/2024
Pannier,14,8/6/2024,1/3/2024
Vagram,43,2/17/2024,10/29/2024
Fintone,49,6/13/2024,6/14/2024
Transcof,43,2/29/2024,12/22/2024
Y-find,29,2/22/2024,8/11/2024
Stronghold,49,1/27/2024,7/10/2024
Wrapsafe,14,12/19/2024,3/29/2024
Toughjoyfax,44,5/4/2024,1/14/2024
Y-Solowarm,30,7/30/2024,11/22/2024
Holdlamis,20,7/18/2024,8/15/2024
Bigtax,18,8/29/2024,7/9/2024
Stim,46,9/25/2024,8/7/2024
Zoolab,47,1/27/2024,3/5/2024
Regrant,19,6/24/2024,5/24/2024
Holdlamis,18,6/5/2024,9/14/2024
Andalax,2,9/16/2024,9/29/2024
Matsoft,5,6/13/2024,1/3/2024
Alphazap,22,12/6/2024,11/3/2024
Sonsing,46,11/24/2024,5/26/2024
Daltfresh,41,6/8/2024,11/5/2024
Vagram,3,4/21/2024,12/19/2024
Lotlux,26,7/12/2024,9/16/2024
Bigtax,43,11/10/2024,3/14/2024
Zaam-Dox,21,11/20/2024,12/5/2024
Trippledex,46,9/3/2024,8/27/2024
Matsoft,1,2/3/2024,12/19/2024
Stim,38,12/13/2024,12/15/2024
Fintone,30,7/17/2024,3/25/2024
Zamit,25,2/4/2024,2/4/2024
Treeflex,22,8/24/2024,5/3/2024
Voyatouch,36,5/20/2024,5/17/2024
Cardguard,43,3/16/2024,7/8/2024
Latlux,21,9/8/2024,11/8/2024
Voyatouch,12,4/16/2024,6/20/2024
Alphazap,13,6/19/2024,12/26/2024
Flexidy,14,7/27/2024,12/19/2024
Wrapsafe,3,1/5/2024,6/10/2024
Toughjoyfax,18,4/16/2024,8/31/2024
Bigtax,31,3/14/2024,7/3/2024
Pannier,6,1/12/2024,6/9/2024
Subin,32,6/6/2024,3/29/2024
Lotstring,45,5/16/2024,4/28/2024
Pannier,9,6/3/2024,5/22/2024
Span,15,2/28/2024,3/21/2024
Bamity,9,8/21/2024,3/27/2024
Cookley,33,12/16/2024,1/20/2024
Toughjoyfax,35,9/20/2024,1/26/2024
Mat Lam Tam,42,5/26/2024,12/5/2024
Zamit,47,12/10/2024,7/10/2024
Cookley,27,12/13/2024,9/26/2024
Toughjoyfax,24,3/2/2024,2/17/2024
Matsoft,7,2/14/2024,12/10/2024
Redhold,36,5/17/2024,4/10/2024
Greenlam,4,4/14/2024,12/9/2024
Bigtax,8,7/5/2024,6/13/2024
Opela,33,6/7/2024,9/13/2024
Prodder,2,12/30/2024,3/28/2024
Temp,15,5/6/2024,8/30/2024
Viva,22,1/25/2024,10/2/2024
Lotstring,3,7/19/2024,9/17/2024
Overhold,45,6/14/2024,7/6/2024
Daltfresh,25,3/7/2024,3/5/2024
Biodex,24,7/14/2024,3/24/2024
Vagram,22,12/3/2024,9/8/2024
Bytecard,43,5/14/2024,12/30/2024
Andalax,7,10/10/2024,9/4/2024
Mat Lam Tam,6,5/7/2024,9/4/2024
Treeflex,16,8/11/2024,4/18/2024
Redhold,32,4/3/2024,8/20/2024
Zamit,10,5/20/2024,4/30/2024
Bitchip,22,5/28/2024,7/11/2024
Namfix,28,5/22/2024,6/7/2024
Stronghold,48,9/20/2024,8/24/2024
Matsoft,21,9/26/2024,2/7/2024
Cardguard,26,2/11/2024,5/18/2024
Mat Lam Tam,19,2/6/2024,3/7/2024
Veribet,12,12/3/2024,8/6/2024
Daltfresh,33,3/17/2024,10/8/2024
Viva,28,11/26/2024,5/17/2024
Sonair,32,1/20/2024,7/8/2024
Duobam,23,2/18/2024,10/19/2024
Alphazap,15,3/23/2024,9/27/2024
Keylex,38,12/31/2024,8/30/2024
Span,30,4/5/2024,10/9/2024
It,24,9/26/2024,10/1/2024
Overhold,35,3/28/2024,5/27/2024
Holdlamis,22,4/27/2024,11/14/2024
Stringtough,40,4/15/2024,4/17/2024
Alphazap,23,9/13/2024,10/13/2024
Domainer,19,11/5/2024,8/12/2024
Tresom,28,1/15/2024,8/11/2024
Transcof,15,10/8/2024,3/27/2024
Daltfresh,48,3/29/2024,5/29/2024
Zoolab,16,8/3/2024,12/19/2024
Duobam,17,6/21/2024,12/2/2024
Stringtough,40,11/4/2024,6/12/2024
Fix San,15,8/30/2024,4/11/2024
It,46,12/1/2024,9/21/2024
Lotstring,21,11/3/2024,8/18/2024
Y-Solowarm,11,5/19/2024,6/22/2024
Alpha,20,8/2/2024,10/15/2024
Y-find,38,9/27/2024,10/8/2024
Fixflex,13,5/4/2024,11/25/2024
Ronstring,27,5/9/2024,2/11/2024
Viva,36,12/16/2024,5/6/2024
Y-Solowarm,36,1/14/2024,8/13/2024
Stringtough,15,1/30/2024,4/2/2024
Keylex,50,5/22/2024,7/3/2024
Fixflex,45,12/11/2024,8/31/2024
Zaam-Dox,23,3/1/2024,10/19/2024
Bitchip,29,2/19/2024,7/2/2024
Viva,7,3/14/2024,1/25/2024
Gembucket,37,11/12/2024,3/28/2024
Tampflex,45,2/14/2024,4/5/2024
Hatity,38,9/5/2024,5/17/2024
Tresom,42,12/11/2024,9/9/2024
Veribet,50,8/14/2024,12/13/2024
Treeflex,31,8/19/2024,2/27/2024
Greenlam,18,6/6/2024,8/17/2024
Opela,19,9/18/2024,7/1/2024
Rank,36,5/13/2024,12/13/2024
Opela,9,5/15/2024,10/13/2024
Prodder,29,9/15/2024,12/27/2024
Fintone,45,8/9/2024,1/7/2024
Home Ing,40,2/3/2024,11/22/2024
Ronstring,46,8/29/2024,7/27/2024
Sonsing,50,5/27/2024,7/3/2024
Kanlam,35,5/6/2024,11/21/2024
Viva,16,7/20/2024,8/2/2024
Temp,41,11/4/2024,7/31/2024
Keylex,21,1/14/2024,8/26/2024
Sonair,9,10/19/2024,5/16/2024
Hatity,22,4/1/2024,6/29/2024
Subin,14,6/8/2024,10/13/2024
Tres-Zap,49,9/21/2024,3/26/2024
Fintone,43,2/21/2024,2/9/2024
Biodex,6,3/29/2024,5/14/2024
Pannier,43,12/9/2024,7/16/2024
Transcof,10,3/29/2024,3/2/2024
Y-find,33,5/11/2024,1/15/2024
Subin,5,7/5/2024,5/19/2024
Fix San,32,10/16/2024,2/4/2024
Asoka,48,3/24/2024,9/22/2024
Alphazap,36,4/16/2024,4/10/2024
Flexidy,37,7/1/2024,3/23/2024
Alphazap,22,7/14/2024,10/22/2024
Temp,26,2/24/2024,2/2/2024
Viva,7,12/12/2024,5/1/2024
Kanlam,33,3/12/2024,6/24/2024
Sub-Ex,46,6/14/2024,8/2/2024
Zathin,18,12/1/2024,2/20/2024
Gembucket,47,3/26/2024,9/4/2024
Wrapsafe,24,9/19/2024,5/3/2024
Fintone,7,11/4/2024,9/30/2024
Y-find,33,3/27/2024,8/7/2024
Transcof,11,2/1/2024,4/2/2024
Subin,40,12/1/2024,10/10/2024
Cookley,47,3/23/2024,12/4/2024
Pannier,28,1/4/2024,5/20/2024
Transcof,32,8/8/2024,4/14/2024
Bamity,7,3/21/2024,2/13/2024
Pannier,46,4/22/2024,10/18/2024
Biodex,38,6/16/2024,11/5/2024
Holdlamis,34,2/23/2024,4/11/2024
Stim,2,12/28/2024,6/23/2024
Zoolab,6,11/28/2024,3/2/2024
Rank,50,6/26/2024,12/29/2024
Flexidy,43,3/15/2024,8/11/2024
Bigtax,50,8/19/2024,4/9/2024
Hatity,32,2/16/2024,7/2/2024
Sub-Ex,38,7/2/2024,3/1/2024
Vagram,13,7/18/2024,6/1/2024
Y-Solowarm,36,10/16/2024,5/10/2024
Zaam-Dox,1,6/5/2024,10/22/2024
Bytecard,34,9/12/2024,4/17/2024
Fintone,40,6/2/2024,5/29/2024
Alphazap,6,11/20/2024,8/6/2024
Voyatouch,25,9/7/2024,4/2/2024
Andalax,4,9/13/2024,11/30/2024
Zaam-Dox,11,9/8/2024,4/26/2024
Latlux,28,5/5/2024,12/4/2024
Sonsing,33,7/4/2024,5/18/2024
Quo Lux,3,3/3/2024,1/20/2024
Bitwolf,14,7/10/2024,4/27/2024
Lotlux,30,9/18/2024,8/9/2024
Bitwolf,20,9/8/2024,2/11/2024
Cookley,16,11/8/2024,12/28/2024
Overhold,4,9/18/2024,4/26/2024
Tres-Zap,34,3/25/2024,8/9/2024
Bytecard,35,3/27/2024,3/15/2024
Redhold,36,3/12/2024,8/4/2024
Flowdesk,18,6/2/2024,4/11/2024
Job,27,11/27/2024,7/13/2024
Hatity,22,3/8/2024,3/1/2024
Fintone,30,4/30/2024,7/12/2024
Aerified,35,7/19/2024,3/30/2024
Voyatouch,8,2/12/2024,5/21/2024
Namfix,15,3/23/2024,4/13/2024
Zamit,23,11/24/2024,9/13/2024
Subin,13,5/28/2024,12/9/2024
Gembucket,19,11/17/2024,4/11/2024
Lotlux,9,7/24/2024,10/6/2024
Sonair,24,9/5/2024,1/1/2024
Zontrax,33,10/14/2024,10/28/2024
Cardguard,6,1/10/2024,3/26/2024
Solarbreeze,35,10/8/2024,1/7/2024
Biodex,42,12/22/2024,8/25/2024
It,31,4/17/2024,5/18/2024
Subin,14,7/27/2024,6/6/2024
Y-Solowarm,21,6/6/2024,8/13/2024
Sonsing,28,8/27/2024,11/1/2024
Job,33,3/30/2024,6/21/2024
Asoka,35,1/6/2024,9/8/2024
Pannier,47,2/29/2024,2/28/2024
Fix San,29,1/18/2024,4/12/2024
Flowdesk,36,8/22/2024,2/24/2024
Namfix,46,5/27/2024,7/4/2024
Tres-Zap,49,12/9/2024,12/9/2024
Bitchip,43,10/10/2024,10/4/2024
Zontrax,39,8/13/2024,3/8/2024
Zamit,2,2/11/2024,12/24/2024
Zontrax,11,10/23/2024,2/20/2024
Pannier,22,4/19/2024,4/24/2024
Kanlam,46,5/22/2024,1/9/2024
Y-find,34,1/25/2024,3/12/2024
Domainer,48,4/10/2024,5/11/2024
Ventosanzap,37,1/25/2024,11/18/2024
Otcom,13,4/13/2024,10/14/2024
Namfix,19,3/23/2024,1/3/2024
It,22,11/13/2024,12/1/2024
Fintone,6,7/30/2024,11/15/2024
Treeflex,5,9/14/2024,4/24/2024
Ronstring,15,4/11/2024,8/25/2024
Flexidy,30,3/5/2024,5/11/2024
Sonsing,16,11/13/2024,4/20/2024
Rank,40,10/12/2024,5/26/2024
Zontrax,21,8/31/2024,9/30/2024
Ventosanzap,22,7/19/2024,7/16/2024
Andalax,8,12/29/2024,3/17/2024
Kanlam,10,9/26/2024,9/26/2024
Bamity,25,9/9/2024,6/7/2024
Zaam-Dox,2,2/19/2024,9/14/2024
Holdlamis,3,10/23/2024,9/13/2024
Bitwolf,6,7/7/2024,11/2/2024
Sonsing,48,11/20/2024,4/2/2024
Lotstring,34,6/6/2024,10/7/2024
Opela,3,10/23/2024,5/15/2024
Zoolab,32,3/14/2024,1/2/2024
Subin,38,12/22/2024,1/1/2024
Cardguard,43,8/12/2024,7/17/2024
Toughjoyfax,25,8/18/2024,12/2/2024
Viva,3,10/13/2024,10/5/2024
Bitchip,24,7/25/2024,6/14/2024
Tres-Zap,18,1/7/2024,8/1/2024
Konklux,6,6/5/2024,11/9/2024
Greenlam,33,4/6/2024,4/29/2024
Zamit,36,1/18/2024,7/20/2024
Mat Lam Tam,50,8/26/2024,4/1/2024
Konklab,46,4/8/2024,2/21/2024
Tempsoft,21,5/18/2024,3/25/2024
Zaam-Dox,48,3/18/2024,11/23/2024
Bigtax,44,6/21/2024,7/10/2024
Lotlux,20,2/9/2024,3/11/2024
Bitchip,44,9/11/2024,5/27/2024
Mat Lam Tam,43,6/15/2024,6/28/2024
Temp,28,10/17/2024,9/17/2024
Namfix,15,3/29/2024,12/3/2024
Greenlam,41,8/29/2024,7/4/2024
Prodder,29,10/5/2024,9/2/2024
Stronghold,18,10/7/2024,8/5/2024
Tampflex,38,9/25/2024,10/12/2024
Regrant,15,1/15/2024,1/9/2024
Zathin,50,1/2/2024,12/19/2024
Kanlam,26,3/17/2024,12/9/2024
Cookley,9,8/19/2024,9/19/2024
Tresom,28,6/11/2024,4/9/2024
Redhold,39,7/23/2024,5/13/2024
Cardguard,46,6/12/2024,6/7/2024
Mat Lam Tam,25,2/7/2024,10/26/2024
Vagram,35,5/24/2024,7/14/2024
Zaam-Dox,25,10/7/2024,11/17/2024
Tres-Zap,40,9/21/2024,6/19/2024
Tampflex,4,11/9/2024,7/14/2024
Zoolab,22,3/28/2024,3/11/2024
Redhold,6,9/27/2024,6/17/2024
Tampflex,5,5/17/2024,3/2/2024
Zathin,34,1/13/2024,9/1/2024
Zamit,46,4/14/2024,5/8/2024
Rank,18,5/1/2024,12/27/2024
Lotstring,33,6/20/2024,12/8/2024
Zontrax,42,1/2/2024,5/19/2024
Tresom,22,6/8/2024,11/18/2024
Pannier,50,6/28/2024,9/26/2024
Zamit,37,2/14/2024,8/29/2024
Sub-Ex,45,11/6/2024,11/22/2024
Latlux,36,1/22/2024,3/21/2024
Sub-Ex,18,12/29/2024,10/7/2024
Fixflex,41,8/13/2024,3/9/2024
Tempsoft,20,7/29/2024,11/27/2024
Zoolab,37,7/28/2024,1/31/2024
Stim,25,3/22/2024,2/29/2024
Andalax,39,2/18/2024,9/6/2024
Rank,11,7/28/2024,12/14/2024
Voyatouch,35,9/9/2024,8/2/2024
Flowdesk,44,3/13/2024,6/4/2024
Cardguard,19,12/19/2024,8/2/2024
Tresom,50,7/12/2024,10/9/2024
Stronghold,22,4/10/2024,12/3/2024
Tin,6,11/27/2024,6/29/2024
Voyatouch,39,6/27/2024,5/21/2024
Flexidy,48,4/5/2024,6/10/2024
Greenlam,31,11/17/2024,5/3/2024
Veribet,33,11/22/2024,9/11/2024
Regrant,34,9/27/2024,11/6/2024
Asoka,34,11/15/2024,2/24/2024
Ventosanzap,7,1/13/2024,5/26/2024
Veribet,3,5/15/2024,5/20/2024
Viva,11,4/23/2024,10/27/2024
Transcof,10,4/6/2024,12/31/2024
Bamity,39,8/20/2024,10/12/2024
Greenlam,39,12/2/2024,5/23/2024
Alpha,5,11/16/2024,5/16/2024
Cardguard,28,2/16/2024,3/26/2024
Prodder,35,2/27/2024,3/18/2024
Mat Lam Tam,29,11/3/2024,9/10/2024
Opela,14,9/8/2024,2/29/2024
Bitchip,2,5/26/2024,2/29/2024
Treeflex,35,3/19/2024,1/27/2024
Solarbreeze,18,6/3/2024,5/28/2024
Tempsoft,21,10/9/2024,3/27/2024
Voyatouch,45,8/24/2024,10/4/2024
Tin,9,7/19/2024,12/3/2024
Quo Lux,45,8/7/2024,7/9/2024
Kanlam,12,7/12/2024,11/15/2024
Zaam-Dox,28,9/22/2024,4/30/2024
Home Ing,38,3/30/2024,7/7/2024
Duobam,21,2/8/2024,6/17/2024
Tresom,9,6/26/2024,9/4/2024
Sonsing,9,10/7/2024,2/21/2024
Konklab,17,2/1/2024,11/22/2024
Sub-Ex,31,1/25/2024,5/28/2024
Y-Solowarm,46,3/29/2024,12/26/2024
Rank,49,12/30/2024,3/19/2024
Bitwolf,10,2/2/2024,1/5/2024
Domainer,48,12/8/2024,7/5/2024
Overhold,17,2/24/2024,7/1/2024
Holdlamis,26,11/30/2024,1/23/2024
Cardify,15,4/22/2024,2/20/2024
Alphazap,22,3/11/2024,9/3/2024
Job,21,10/4/2024,8/24/2024
Span,21,7/8/2024,10/12/2024
It,1,6/12/2024,10/15/2024
Zathin,46,11/15/2024,10/19/2024
Alpha,9,8/27/2024,9/30/2024
Cardify,2,6/7/2024,12/20/2024
Tempsoft,1,11/9/2024,12/15/2024
Keylex,40,9/17/2024,4/10/2024
Alphazap,26,6/28/2024,6/21/2024
Job,19,7/22/2024,8/5/2024
Subin,45,5/31/2024,8/22/2024
Ventosanzap,17,6/7/2024,1/4/2024
Asoka,39,7/10/2024,10/2/2024
Regrant,26,5/2/2024,7/16/2024
Tin,38,11/15/2024,6/23/2024
Stim,9,11/11/2024,12/19/2024
Tresom,3,9/5/2024,1/31/2024
Trippledex,20,10/6/2024,6/30/2024
Tresom,2,11/28/2024,9/15/2024
Rank,14,4/7/2024,10/24/2024
Wrapsafe,42,1/20/2024,10/31/2024
Cardguard,5,8/24/2024,7/19/2024
Ronstring,40,11/25/2024,3/30/2024
Otcom,16,8/2/2024,1/12/2024
Keylex,19,2/21/2024,4/4/2024
Alpha,32,12/20/2024,4/22/2024
Fixflex,4,3/9/2024,9/5/2024
Cookley,11,9/13/2024,12/21/2024
Alphazap,2,4/5/2024,1/6/2024
Quo Lux,17,5/20/2024,1/15/2024
Gembucket,45,4/20/2024,6/19/2024
Sub-Ex,46,8/25/2024,11/11/2024
Aerified,36,11/16/2024,5/12/2024
Transcof,30,12/4/2024,1/13/2024
Cookley,43,4/3/2024,7/16/2024
Cardify,7,9/22/2024,2/25/2024
Ventosanzap,19,1/16/2024,5/23/2024
It,31,6/23/2024,12/7/2024
Opela,20,11/5/2024,2/23/2024
Prodder,47,8/1/2024,8/29/2024
Tempsoft,22,2/25/2024,10/2/2024
Bitwolf,41,6/7/2024,12/8/2024
Y-Solowarm,4,7/7/2024,8/16/2024
Rank,26,3/9/2024,2/9/2024
Otcom,22,11/22/2024,9/4/2024
Tampflex,20,9/10/2024,10/23/2024
Bytecard,25,5/8/2024,6/17/2024
Voyatouch,4,10/11/2024,3/19/2024
Flowdesk,8,5/8/2024,6/6/2024
Biodex,47,6/23/2024,10/9/2024
Aerified,31,8/11/2024,1/1/2024
Stim,47,10/26/2024,7/13/2024
Sub-Ex,6,1/8/2024,2/25/2024
Flowdesk,12,6/20/2024,11/21/2024
Span,10,8/3/2024,3/8/2024
Zontrax,23,12/25/2024,11/2/2024
Namfix,24,12/5/2024,7/13/2024
Andalax,19,10/4/2024,2/22/2024
Kanlam,10,11/22/2024,7/1/2024
Transcof,35,6/29/2024,11/3/2024
Y-Solowarm,43,2/24/2024,4/12/2024
Zathin,2,3/16/2024,1/11/2024
Fintone,15,11/22/2024,1/23/2024
Tresom,23,9/26/2024,7/25/2024
Span,49,6/1/2024,9/16/2024
Pannier,49,4/4/2024,7/24/2024
Zontrax,6,3/31/2024,1/17/2024
Stronghold,22,4/20/2024,3/10/2024
Voltsillam,3,2/16/2024,7/29/2024
Andalax,46,6/20/2024,5/29/2024
Bigtax,13,7/1/2024,2/17/2024
Tin,11,5/16/2024,2/27/2024
Cookley,35,5/9/2024,6/27/2024
Tin,26,11/2/2024,4/21/2024
Stringtough,22,7/25/2024,3/30/2024
Bigtax,4,11/22/2024,4/18/2024
Fintone,50,3/14/2024,5/25/2024
Gembucket,42,12/11/2024,6/6/2024
Overhold,28,4/28/2024,12/31/2024
Tempsoft,40,6/1/2024,5/2/2024
Overhold,5,8/19/2024,4/7/2024
Hatity,12,4/12/2024,3/29/2024
Matsoft,50,10/28/2024,6/30/2024
Bamity,19,8/3/2024,1/17/2024
Lotlux,37,12/3/2024,8/28/2024
Cardify,5,10/16/2024,8/22/2024
Trippledex,16,10/4/2024,1/20/2024
Bytecard,8,8/3/2024,11/10/2024
Otcom,4,8/19/2024,9/26/2024
Home Ing,46,5/19/2024,7/20/2024
Flexidy,43,4/27/2024,8/11/2024
Aerified,26,1/3/2024,11/24/2024
Vagram,49,8/31/2024,10/31/2024
Toughjoyfax,30,4/2/2024,2/23/2024
Mat Lam Tam,14,9/21/2024,5/27/2024
Sonair,18,8/8/2024,4/12/2024
Latlux,25,8/17/2024,11/13/2024
Flexidy,1,1/30/2024,9/12/2024
Pannier,37,2/5/2024,4/10/2024
Tres-Zap,38,9/1/2024,6/26/2024
Ronstring,5,12/29/2024,5/9/2024
Namfix,16,4/14/2024,4/8/2024
Alphazap,49,4/21/2024,12/29/2024
Trippledex,49,11/3/2024,6/6/2024
Sub-Ex,40,4/23/2024,9/18/2024
Voyatouch,7,6/24/2024,7/17/2024
Lotlux,47,5/22/2024,12/4/2024
Fix San,38,7/15/2024,10/1/2024
Otcom,11,4/7/2024,7/6/2024
Tampflex,33,6/13/2024,11/19/2024
Mat Lam Tam,17,5/15/2024,9/17/2024
Namfix,4,4/20/2024,6/13/2024
Bitchip,32,8/8/2024,2/17/2024
Cardguard,38,7/12/2024,6/6/2024
Zamit,27,7/20/2024,4/3/2024
Zontrax,13,3/3/2024,7/8/2024
Toughjoyfax,35,6/5/2024,2/13/2024
Holdlamis,2,12/4/2024,1/7/2024
Tresom,23,12/27/2024,1/23/2024
Flexidy,29,7/14/2024,2/7/2024
Sub-Ex,46,10/20/2024,8/28/2024
Alphazap,45,8/14/2024,10/9/2024
Redhold,10,5/20/2024,7/19/2024
Biodex,27,9/11/2024,11/17/2024
Zoolab,26,10/4/2024,5/3/2024
Lotstring,5,10/2/2024,12/13/2024
Zamit,35,3/23/2024,6/17/2024
Sonair,23,4/28/2024,3/25/2024
Lotstring,3,4/25/2024,6/4/2024
Veribet,4,9/27/2024,2/12/2024
Zoolab,46,5/2/2024,8/24/2024
Treeflex,33,4/21/2024,11/8/2024
Daltfresh,40,12/30/2024,10/29/2024
Y-find,49,10/16/2024,10/22/2024
Stronghold,4,9/27/2024,7/17/2024
Bitchip,35,6/24/2024,1/16/2024
Treeflex,31,6/28/2024,2/11/2024
Rank,25,10/22/2024,3/17/2024
Stim,4,2/13/2024,6/8/2024
Lotlux,48,9/24/2024,3/12/2024
Fixflex,14,8/25/2024,1/18/2024
Treeflex,41,5/6/2024,8/30/2024
Vagram,46,9/7/2024,6/30/2024
Pannier,41,10/28/2024,9/5/2024
Konklux,48,8/22/2024,3/2/2024
Domainer,24,4/3/2024,7/30/2024
Subin,8,2/10/2024,8/15/2024
Y-find,31,1/27/2024,6/19/2024
Biodex,46,5/14/2024,5/5/2024
Redhold,34,6/6/2024,2/11/2024
Flowdesk,13,12/12/2024,4/14/2024
Wrapsafe,18,6/2/2024,9/12/2024
Sonair,28,3/15/2024,5/9/2024
Bitchip,28,3/10/2024,8/6/2024
Zoolab,27,1/24/2024,6/4/2024
Transcof,30,1/11/2024,6/8/2024
Veribet,15,1/10/2024,8/13/2024
Redhold,45,4/15/2024,9/12/2024
Zamit,8,7/10/2024,10/12/2024
Overhold,2,9/24/2024,1/31/2024
Cardguard,13,7/15/2024,8/30/2024
Keylex,37,5/7/2024,7/19/2024
Holdlamis,9,6/30/2024,10/14/2024
Bytecard,47,12/31/2024,9/23/2024
Domainer,17,1/16/2024,1/1/2024
Ventosanzap,2,1/17/2024,12/28/2024
Hatity,23,8/31/2024,3/31/2024
Tres-Zap,34,3/6/2024,9/28/2024
Mat Lam Tam,20,12/19/2024,11/16/2024
Cookley,36,4/16/2024,12/21/2024
Gembucket,17,12/14/2024,2/18/2024
Temp,14,12/27/2024,2/29/2024
Toughjoyfax,19,3/1/2024,11/24/2024
Fix San,37,7/13/2024,5/8/2024
Transcof,20,7/19/2024,4/24/2024
Keylex,40,4/17/2024,12/26/2024
Quo Lux,14,5/2/2024,11/16/2024
Cookley,47,1/16/2024,11/30/2024
Stronghold,27,1/11/2024,5/4/2024
Zathin,35,3/5/2024,8/14/2024
Asoka,13,10/19/2024,3/13/2024
Tampflex,41,11/11/2024,12/18/2024
Redhold,50,6/5/2024,10/17/2024
Sonsing,6,6/22/2024,2/25/2024
Namfix,18,11/15/2024,3/1/2024
Job,4,11/20/2024,11/18/2024
Regrant,40,2/10/2024,10/27/2024
Zontrax,48,7/11/2024,3/22/2024
Stringtough,5,8/23/2024,3/24/2024
Duobam,20,8/19/2024,6/25/2024
Voltsillam,9,6/23/2024,11/14/2024
Gembucket,22,1/3/2024,11/10/2024
Prodder,2,5/18/2024,1/18/2024
Duobam,31,1/15/2024,7/20/2024
Stim,23,9/17/2024,10/18/2024
Daltfresh,44,12/22/2024,10/18/2024
Zamit,44,4/21/2024,7/23/2024
Zaam-Dox,2,12/17/2024,7/19/2024
Veribet,44,4/7/2024,8/25/2024
Solarbreeze,29,12/14/2024,10/21/2024
Andalax,45,12/17/2024,11/17/2024
Konklab,18,1/5/2024,11/12/2024
Zamit,42,4/14/2024,9/15/2024
Alphazap,38,7/22/2024,7/10/2024
Konklux,31,12/5/2024,6/16/2024
Bitwolf,8,11/8/2024,3/10/2024
Fintone,35,9/30/2024,5/28/2024
Konklab,43,7/31/2024,7/19/2024
Y-Solowarm,19,2/22/2024,8/20/2024
Span,41,4/24/2024,5/25/2024
Zoolab,36,2/28/2024,7/19/2024
Aerified,5,12/11/2024,1/7/2024
Stronghold,8,11/3/2024,6/1/2024
Otcom,8,10/24/2024,9/8/2024
Zontrax,37,3/31/2024,5/8/2024
Bamity,15,8/24/2024,6/11/2024
Redhold,22,12/31/2024,6/26/2024
Bitchip,33,2/7/2024,8/13/2024
Ventosanzap,10,12/21/2024,12/1/2024
Zamit,23,5/4/2024,5/23/2024
Solarbreeze,33,1/29/2024,5/12/2024
Tampflex,50,1/17/2024,9/9/2024
Bigtax,6,8/12/2024,7/10/2024
Viva,46,12/5/2024,10/28/2024
Tres-Zap,41,12/15/2024,1/2/2024
Voltsillam,12,2/7/2024,11/6/2024
Ronstring,3,1/31/2024,3/20/2024
Lotstring,49,3/11/2024,3/14/2024
Matsoft,16,11/23/2024,6/24/2024
Y-find,45,12/21/2024,9/19/2024
Flowdesk,22,8/6/2024,5/14/2024
Latlux,48,4/30/2024,9/21/2024
Domainer,23,4/23/2024,4/16/2024
Namfix,13,9/21/2024,12/7/2024
Rank,6,2/2/2024,2/21/2024
Transcof,12,11/5/2024,8/12/2024
Zoolab,12,2/1/2024,4/10/2024
Domainer,19,3/24/2024,11/9/2024
Lotlux,7,8/19/2024,12/8/2024
Bamity,14,8/29/2024,3/8/2024
Cardguard,36,12/27/2024,5/1/2024
Asoka,14,10/25/2024,8/29/2024
Transcof,35,8/8/2024,7/3/2024
Vagram,39,11/9/2024,7/10/2024
Transcof,20,3/3/2024,2/23/2024
Aerified,21,4/14/2024,2/28/2024
Redhold,49,6/16/2024,6/20/2024
Ventosanzap,46,10/17/2024,4/14/2024
Home Ing,35,9/1/2024,10/7/2024
Stringtough,29,10/14/2024,6/28/2024
Tempsoft,42,1/3/2024,4/15/2024
Overhold,24,12/15/2024,7/7/2024
Domainer,36,12/8/2024,2/20/2024
Konklab,43,1/31/2024,3/21/2024
It,5,11/14/2024,2/10/2024
Stim,45,9/15/2024,12/18/2024
Vagram,13,7/11/2024,7/15/2024
Tempsoft,45,6/1/2024,4/3/2024
Stim,28,9/4/2024,6/13/2024
Domainer,25,1/26/2024,11/10/2024
Biodex,22,3/3/2024,5/17/2024
Temp,23,9/5/2024,11/14/2024
Y-find,2,7/30/2024,1/22/2024
Pannier,14,7/19/2024,1/4/2024
Greenlam,19,1/21/2024,11/10/2024
Bytecard,34,6/10/2024,4/24/2024
Lotlux,13,8/13/2024,5/8/2024
Gembucket,36,11/26/2024,10/11/2024
Viva,45,9/29/2024,7/11/2024
Bitchip,8,10/23/2024,9/23/2024
Overhold,44,11/30/2024,12/12/2024
Solarbreeze,17,3/20/2024,2/24/2024
Viva,32,12/12/2024,1/19/2024
Veribet,23,2/10/2024,6/15/2024
Y-find,26,11/28/2024,9/15/2024
Mat Lam Tam,1,12/6/2024,12/15/2024
Vagram,12,3/25/2024,7/10/2024
Prodder,6,4/4/2024,9/10/2024
Zamit,40,1/27/2024,2/10/2024
Y-Solowarm,35,8/15/2024,10/18/2024
Greenlam,8,11/4/2024,3/21/2024
Tresom,2,8/18/2024,10/18/2024
Asoka,14,9/11/2024,2/12/2024
Toughjoyfax,29,6/4/2024,9/19/2024
Otcom,44,3/20/2024,7/16/2024
Otcom,21,12/27/2024,1/15/2024
Overhold,8,2/14/2024,12/30/2024
Kanlam,1,2/22/2024,8/18/2024
Lotlux,21,5/15/2024,10/22/2024
Prodder,6,6/14/2024,10/8/2024
Greenlam,46,8/3/2024,1/16/2024
Cookley,17,3/3/2024,8/9/2024
Keylex,3,11/11/2024,9/26/2024
Voltsillam,9,12/20/2024,9/19/2024
Namfix,13,7/30/2024,9/26/2024
Greenlam,19,4/22/2024,9/21/2024
Namfix,26,5/20/2024,7/7/2024
Cardify,8,2/21/2024,4/27/2024
Namfix,33,6/15/2024,8/13/2024
Biodex,17,7/27/2024,12/4/2024
Namfix,43,1/4/2024,2/19/2024
Ronstring,1,1/3/2024,10/10/2024
Quo Lux,44,10/12/2024,7/30/2024
Zathin,14,11/26/2024,1/6/2024
Gembucket,38,4/14/2024,8/20/2024
Solarbreeze,27,7/18/2024,11/7/2024
Home Ing,3,3/24/2024,8/10/2024
Stringtough,36,5/20/2024,6/11/2024
Quo Lux,50,7/8/2024,2/24/2024
Holdlamis,11,9/22/2024,8/20/2024
Duobam,32,11/12/2024,10/13/2024
Zamit,20,3/27/2024,3/23/2024
Ronstring,14,12/5/2024,2/26/2024
Stringtough,44,4/7/2024,12/27/2024
Sonsing,40,6/19/2024,7/9/2024
Asoka,17,3/23/2024,7/23/2024
Flexidy,6,1/1/2024,11/4/2024
Voyatouch,36,7/2/2024,9/20/2024
Bitwolf,11,6/5/2024,3/28/2024
Alpha,17,1/27/2024,9/12/2024
Greenlam,23,9/19/2024,7/14/2024
Daltfresh,10,1/15/2024,4/21/2024
Konklab,33,7/29/2024,9/7/2024
Overhold,2,9/20/2024,12/2/2024
Tres-Zap,31,3/14/2024,9/30/2024
Latlux,12,12/6/2024,7/4/2024
Cookley,48,2/17/2024,3/7/2024
Stringtough,8,9/9/2024,3/17/2024
Redhold,9,1/6/2024,5/23/2024
Tres-Zap,33,3/6/2024,3/10/2024
Duobam,1,12/29/2024,1/28/2024
Transcof,47,12/16/2024,5/15/2024
Zaam-Dox,3,9/26/2024,9/6/2024
Opela,45,11/8/2024,1/29/2024
Subin,23,7/31/2024,7/20/2024
Asoka,24,3/25/2024,6/4/2024
Sonsing,26,3/21/2024,12/21/2024
Pannier,11,9/28/2024,11/30/2024
Wrapsafe,43,2/21/2024,3/29/2024
Solarbreeze,7,8/16/2024,2/14/2024
Domainer,21,9/26/2024,5/9/2024
Greenlam,36,11/16/2024,3/5/2024
Gembucket,23,3/31/2024,7/2/2024
Zaam-Dox,8,1/25/2024,7/12/2024
Pannier,27,8/29/2024,2/28/2024
Zontrax,1,11/29/2024,6/4/2024
Pannier,36,12/31/2024,6/4/2024
Sonsing,19,3/31/2024,11/5/2024
Alpha,13,10/23/2024,9/1/2024
Home Ing,26,4/14/2024,11/20/2024
Zaam-Dox,47,8/9/2024,2/13/2024
Asoka,26,3/30/2024,6/4/2024
Bigtax,25,3/27/2024,1/29/2024
